Link Name,Center of Mass X,Center of Mass Y,Center of Mass Z,Center of Mass Roll,Center of Mass Pitch,Center of Mass Yaw,Mass,Moment Ixx,Moment Ixy,Moment Ixz,Moment Iyy,Moment Iyz,Moment Izz,Visual X,Visual Y,Visual Z,Visual Roll,Visual Pitch,Visual Yaw,Mesh Filename,Color Red,Color Green,Color Blue,Color Alpha,Collision X,Collision Y,Collision Z,Collision Roll,Collision Pitch,Collision Yaw,Collision Mesh Filename,Material Name,SW Components,Coordinate System,Axis Name,Joint Name,Joint Type,Joint Origin X,Joint Origin Y,Joint Origin Z,Joint Origin Roll,Joint Origin Pitch,Joint Origin Yaw,Parent,Joint Axis X,Joint Axis Y,Joint Axis Z,Limit Effort,Limit Velocity,Limit Lower,Limit Upper,Calibration rising,Calibration falling,Dynamics Damping,Dynamics Friction,Safety Soft Upper,Safety Soft Lower,Safety K Position,Safety K Velocity
base_link,0.0685860536068752,3.24996896727464E-08,-0.0566084488849558,0,0,0,1.46208018179117,0.0321277711577866,-1.89510236572257E-05,0.00256655656961068,0.0524908195571129,-1.03584073628694E-09,0.0807823417997845,0,0,0,0,0,0,package://robotics_arm_v7/meshes/base_link.STL,0.686274509803922,0.56078431372549,0.56078431372549,1,0,0,0,0,0,0,package://robotics_arm_v7/meshes/base_link.STL,,NavPlatform-1,Coordinate System2,,,,0,0,0,0,0,0,,0,0,0,,,,,,,,,,,,
basestand_l,2.62813088240766E-05,1.16979828362042E-05,-0.297846297990578,0,0,0,2.18930683028157,0.204988049565948,-2.77505341854448E-05,1.78619110355408E-05,0.225023025369704,8.0696571220082E-06,0.0409368656622474,0,0,0,0,0,0,package://robotics_arm_v7/meshes/basestand_l.STL,0.686274509803922,0.56078431372549,0.623529411764706,1,0,0,0,0,0,0,package://robotics_arm_v7/meshes/basestand_l.STL,,Base-1,Coordinate System3,Axis17,basestand_j,fixed,0,0,0.562500000000001,0,0,0,base_link,0,0,0,,,,,,,,,,,,
adjustable_l,-1.48441065271839E-05,3.64342110244022E-07,0.421821185244988,0,0,0,1.76700528664102,0.0443516346684835,4.77152537675687E-08,1.12218257470024E-06,0.0382833805063431,-9.4401296458892E-08,0.00932869645001905,0,0,0,0,0,0,package://robotics_arm_v7/meshes/adjustable_l.STL,0.686274509803922,0.56078431372549,0.56078431372549,1,0,0,0,0,0,0,package://robotics_arm_v7/meshes/adjustable_l.STL,,Holder-1,Coordinate System3,Axis17,adjustable_j,fixed,0,0,0,0,0,0,basestand_l,0,0,0,10,0.5,-0.5,0.5,,,,,,,,
lsp_l,0.0008472892745299,-1.65859278289382E-06,0.0545119605018215,0,0,0,0.163554711632053,0.000303701327122371,-3.80886333967666E-09,-2.55461455337855E-06,0.000276110044119152,4.50631087708101E-09,0.00015435291467114,0,0,0,0,0,0,package://robotics_arm_v7/meshes/lsp_l.STL,0.56078431372549,0.686274509803922,0.686274509803922,1,0,0,0,0,0,0,package://robotics_arm_v7/meshes/lsp_l.STL,,LeftShoulderPitch-1,Coordinate System11,Axis7,lsp_j,revolute,0,0.13879999999999,0.500000000000004,-1.57079632679488,0.196913955723574,0,adjustable_l,0,0,1,10,3.142,-6.283,6.283,,,,,,,,
lsr_l,-0.00350810957841904,-0.0743126538855545,0.0273797873659373,0,0,0,0.157927176852261,0.000344643257463614,-5.52369329146358E-06,8.94627222076643E-07,0.000224109562566033,1.4082871810093E-05,0.00032812750917298,0,0,0,0,0,0,package://robotics_arm_v7/meshes/lsr_l.STL,0.686274509803922,0.56078431372549,0.623529411764706,1,0,0,0,0,0,0,package://robotics_arm_v7/meshes/lsr_l.STL,,LeftShoulderRoll-1,Coordinate System13,Axis9,lsr_j,revolute,0.029397125601635,0,0.0724657081179809,3.14159255362977,1.5707963267949,0,lsp_l,0,0,1,10,3.142,-3.665,3.665,,,,,,,,
lsy_l,-0.000246998724985903,-1.26444974421769E-05,0.0695078998277578,0,0,0,0.192129001604532,0.000525454804551651,-6.46883828984656E-08,2.27733709644982E-07,0.000491960354413494,1.73076489386585E-07,0.000211438383429421,0,0,0,0,0,0,package://robotics_arm_v7/meshes/lsy_l.STL,0.56078431372549,0.686274509803922,0.56078431372549,1,0,0,0,0,0,0,package://robotics_arm_v7/meshes/lsy_l.STL,,LeftShoulderYaw-1,Coordinate System14,Axis10,lsy_j,revolute,-0.00503334482929713,-0.108098588890029,0.0284656971171868,1.57079632678501,-0.103908881940915,-0.0465289418497155,lsr_l,0,0,1,10,3.142,-6.283,6.283,,,,,,,,
lel_l,-0.0114002435443972,0.0104873878092129,0.00675651006750111,0,0,0,0.0198133815117097,1.01325714310338E-05,8.62879615733268E-06,9.69361050606928E-07,1.15745798851329E-05,-8.91734812071478E-07,2.09399517171352E-05,0,0,0,0,0,0,package://robotics_arm_v7/meshes/lel_l.STL,0.686274509803922,0.56078431372549,0.686274509803922,1,0,0,0,0,0,0,package://robotics_arm_v7/meshes/lel_l.STL,,LeftElbowLink-1,Coordinate System15,Axis11,lel_j,continuous,-0.0255342917352893,0,0.0689657082647096,1.57079632688968,0.00211475301112716,-1.5707963222304,lsy_l,0,0,1,10,3.142,0,0,,,,,,,,
lep_l,0.16599536563429,0.381922857068731,-0.224382516734376,0,0,0,12.1101901577768,3.27099529190478,-0.478426463704338,0.016531559255096,0.561788677501424,0.034750880764506,3.23614937393567,0,0,0,0,0,0,package://robotics_arm_v7/meshes/lep_l.STL,0.623529411764706,0.56078431372549,0.686274509803922,1,0,0,0,0,0,0,package://robotics_arm_v7/meshes/lep_l.STL,,LeftElbowPitch-1,Coordinate System16,Axis12,lep_j,revolute,0,-0.000179760678019836,0.153965526240841,1.57079632646137,0.0938833059174607,-1.57079632679489,lsy_l,0,0,1,10,3.142,-1.222,1.222,,,,,,,,
ley_l,-0.00136892606456798,-2.85037648595221E-07,0.0560168643698046,0,0,0,0.203158109952786,0.000152640329329173,1.3114480727449E-09,1.05215941434409E-06,0.000131977479422575,-3.30070850991813E-10,0.00010402982094729,0,0,0,0,0,0,package://robotics_arm_v7/meshes/ley_l.STL,0.56078431372549,0.686274509803922,0.623529411764706,1,0,0,0,0,0,0,package://robotics_arm_v7/meshes/ley_l.STL,,LeftElbowYaw-1,Coordinate System17,Axis13,ley_j,revolute,0.136965708264701,0,0,0,1.5707963267949,0,lep_l,0,0,-1,10,3.142,-6.283,6.283,,,,,,,,
lw_l,0.052258899471289,0.0284704451462972,0.024323605508881,0,0,0,0.118265617272774,8.46716369530091E-05,-1.9518572747099E-05,5.31274570037223E-06,0.000118636381069233,2.89401933365049E-06,0.000112047371234625,0,0,0,0,0,0,package://robotics_arm_v7/meshes/lw_l.STL,0.56078431372549,0.686274509803922,0.686274509803922,1,0,0,0,0,0,0,package://robotics_arm_v7/meshes/lw_l.STL,,LeftWrist-1,Coordinate System18,Axis14,lw_j,revolute,-0.0248972213837098,0,0.0589657081521795,0.197028949770318,-1.57079630572147,2.94456369737188,ley_l,0,0,1,10,3.142,-3.665,3.665,,,,,,,,
lgh_l,-1.42913830769587E-08,-1.65993929435171E-08,-0.0450599789832126,0,0,0,0.00142824832539145,5.69543577401328E-08,-3.86247089189601E-08,3.68353911790843E-14,9.46192216503074E-08,5.06836847719342E-14,1.47764917189299E-07,0,0,0,0,0,0,package://robotics_arm_v7/meshes/lgh_l.STL,0.623529411764706,0.56078431372549,0.686274509803922,1,0,0,0,0,0,0,package://robotics_arm_v7/meshes/lgh_l.STL,,LeftGripperHorn-1,Coordinate System20,Axis_lgh_j,lgh_j,fixed,0.120768478057872,0.0558753059024569,0.023463453809194,1.57079728030247,0,2.09443975085166,lw_l,0,0,0,10,3.142,-0.035,0.035,,,,,,,,
lg1_l,-1.98223240044371E-08,-0.0256137873204723,-0.012035849534824,0,0,0,0.0117431244965764,2.44860529150686E-06,5.85629652798453E-16,9.4288577372213E-15,2.75898867298419E-06,-2.03628151422282E-07,6.42365008370271E-07,0,0,0,0,0,0,package://robotics_arm_v7/meshes/lg1_l.STL,0.686274509803922,0.56078431372549,0.623529411764706,1,0,0,0,0,0,0,package://robotics_arm_v7/meshes/lg1_l.STL,,LeftGripper1-1,Coordinate System20,Axis16,lg1_j,prismatic,0,0,0,0,0,0,lgh_l,0,-0.999999999999541,0,10,3.142,-0.03,0.03,,,,,,,,
lg2_l,-7.38866645644265E-09,0.0256137863437295,-0.0120358937684164,0,0,0,0.0117431765792328,2.44859412812398E-06,-2.55986913819617E-15,1.43022449234409E-13,2.75897708315547E-06,2.0362556621743E-07,6.42366305305439E-07,0,0,0,0,0,0,package://robotics_arm_v7/meshes/lg2_l.STL,0.686274509803922,0.56078431372549,0.623529411764706,1,0,0,0,0,0,0,package://robotics_arm_v7/meshes/lg2_l.STL,,LeftGripper2-1,Coordinate System20,Axis16,lg2_j,prismatic,0,0,0,0,0,0,lgh_l,0,-0.999999999999541,0,10,3.142,-0.03,0.03,,,,,,,,
rsp_l,0.000847328053114799,1.66822174318959E-06,0.0545118845637094,0,0,0,0.16355428325589,0.00030370094095202,3.91206347582701E-09,-2.5547545913104E-06,0.000276109674876471,-4.52774066186934E-09,0.000154352652656658,0,0,0,0,0,0,package://robotics_arm_v7/meshes/rsp_l.STL,0.56078431372549,0.686274509803922,0.686274509803922,1,0,0,0,0,0,0,package://robotics_arm_v7/meshes/rsp_l.STL,,RightShoulderPitch-1,Coordinate System21,Axis18,rsp_j,revolute,0,-0.138800000000006,0.500000000000006,1.57079632981871,0.196914054379497,0,adjustable_l,0,0,-1,10,3.142,-6.283,6.283,,,,,,,,
rsr_l,-0.00350814345242498,0.0743127205818105,0.0273796901178489,0,0,0,0.157928153292145,0.00034464317766051,5.52373098763718E-06,8.94622093409288E-07,0.000224110179722364,-1.40823648203337E-05,0.000328127295269048,0,0,0,0,0,0,package://robotics_arm_v7/meshes/rsr_l.STL,0.686274509803922,0.56078431372549,0.623529411764706,1,0,0,0,0,0,0,package://robotics_arm_v7/meshes/rsr_l.STL,,RightShoulderRoll-1,Coordinate System22,Axis19,rsr_j,revolute,0.0293971247941347,0,0.0724657082647111,3.14159265358979,1.5707963267949,0,rsp_l,0,0,-1,10,3.142,-3.665,3.665,,,,,,,,
rsy_l,-0.000244352520069213,3.8188727552374E-05,0.069507882230415,0,0,0,0.192129150343206,0.000525107976547104,-3.39207450617026E-06,2.08591910465285E-07,0.000492307507817521,-1.95740619062457E-07,0.000211438422925958,0,0,0,0,0,0,package://robotics_arm_v7/meshes/rsy_l.STL,0.56078431372549,0.686274509803922,0.56078431372549,1,0,0,0,0,0,0,package://robotics_arm_v7/meshes/rsy_l.STL,,RightShoulderYaw-1,Coordinate System23,Axis20,rsy_j,revolute,-0.00503334610936604,0.108098588992529,0.0284657082647115,-1.5707963267949,0,0.0465289448262237,rsr_l,0,0,-1,10,3.142,-6.283,6.283,,,,,,,,
rel_l,-0.0114002430716916,-0.0104873884503993,0.00675651017719425,0,0,0,0.0198133815984573,1.01325723262933E-05,-8.62879623281325E-06,9.6936107973986E-07,1.1574579045261E-05,8.91734915555488E-07,2.09399517250663E-05,0,0,0,0,0,0,package://robotics_arm_v7/meshes/rel_l.STL,0.686274509803922,0.56078431372549,0.686274509803922,1,0,0,0,0,0,0,package://robotics_arm_v7/meshes/rel_l.STL,,RightElbowLink-1,Coordinate System24,Axis21,rel_j,continuous,-0.0258938712840666,0.00270032888412561,0.0689657082647099,-1.57079632679491,0.00211465444426914,1.46688743973895,rsy_l,0,0,-1,10,3.142,0,0,,,,,,,,
rep_l,0.071093578170502,0.00576297803687875,0.00154985451107661,0,0,0,0.195275356474873,0.000201924046686431,-7.51891269487446E-05,2.40002821473007E-05,0.000775468803475862,9.27600184248874E-06,0.000741161460550214,0,0,0,0,0,0,package://robotics_arm_v7/meshes/rep_l.STL,0.623529411764706,0.56078431372549,0.686274509803922,1,0,0,0,0,0,0,package://robotics_arm_v7/meshes/rep_l.STL,,RightElbowPitch-1,Coordinate System25,Axis22,rep_j,revolute,1.86435626352011E-05,0.000178776005417075,0.153965518214835,-1.5707963267949,0.00211465444426911,1.46688743973896,rsy_l,0,0,-1,10,3.142,-1.222,1.222,,,,,,,,
rey_l,-0.00136892720758028,2.86486289469146E-07,0.0560168656011481,0,0,0,0.203158032670983,0.000152640299239931,-1.31562211565358E-09,1.05214907255213E-06,0.000131977450808796,3.33198618889875E-10,0.000104029795275727,0,0,0,0,0,0,package://robotics_arm_v7/meshes/rey_l.STL,0.56078431372549,0.686274509803922,0.623529411764706,1,0,0,0,0,0,0,package://robotics_arm_v7/meshes/rey_l.STL,,RightElbowYaw-1,Coordinate System26,Axis23,rey_j,revolute,0.136388824949731,0.0125576139964159,0,2.42840220157631,1.57079630572147,2.5310541833392,rep_l,0,0,1,10,3.142,-6.283,6.283,,,,,,,,
rw_l,-0.0522601687992916,0.0284681082932161,0.024323634809166,0,0,0,0.118265596627728,8.46697260682097E-05,1.95170501788083E-05,-5.3128112504816E-06,0.000118637953269733,2.89376311845307E-06,0.000112047357836392,0,0,0,0,0,0,package://robotics_arm_v7/meshes/rw_l.STL,0.56078431372549,0.686274509803922,0.686274509803922,1,0,0,0,0,0,0,package://robotics_arm_v7/meshes/rw_l.STL,,RightWrist-1,Coordinate System27,Axis24,rw_j,revolute,-0.024897221115233,0,0.0589657082655256,0,1.5707963267949,0,rey_l,0,0,-1,10,3.142,-3.665,3.665,,,,,,,,
rgh_l,-8.68064398140689E-10,-1.51980072971014E-08,-0.0450599999999813,0,0,0,0.00142824832539143,5.69321872617725E-08,3.86138912762504E-08,-3.68250759258259E-14,9.46413921286592E-08,5.06625427150062E-14,1.4776491718929E-07,0,0,0,0,0,0,package://robotics_arm_v7/meshes/rgh_l.STL,0.623529411764706,0.56078431372549,0.686274509803922,1,0,0,0,0,0,0,package://robotics_arm_v7/meshes/rgh_l.STL,,RightGripperHorn-1,Coordinate System29,Axis_rgh_j,rgh_j,fixed,-0.120770998464503,0.0558699111080713,0.0234634523875007,1.57079728046925,0,-2.09439510239489,rw_l,0,0,0,10,3.142,-0.035,0.035,,,,,,,,
rg1_l,4.72999261980078E-09,-0.0256091657798483,-0.0120358705559017,0,0,0,0.0117431244965759,2.4486052915068E-06,-1.40202631170563E-15,-8.89361089452729E-15,2.75898867298407E-06,-2.03628151422309E-07,6.42365008370185E-07,0,0,0,0,0,0,package://robotics_arm_v7/meshes/rg1_l.STL,0.686274509803922,0.56078431372549,0.623529411764706,1,0,0,0,0,0,0,package://robotics_arm_v7/meshes/rg1_l.STL,,RightGripper1-1,Coordinate System29,Axis26,rg1_j,prismatic,0,0,0,0,0,0,rgh_l,0,0.999999999999545,0,10,3.142,-0.03,0.03,,,,,,,,
rg2_l,-7.81382680781206E-09,0.0256091676194598,-0.0120359147351881,0,0,0,0.0117431765451873,2.44859411870904E-06,2.78126112408768E-15,-1.38730464681003E-13,2.75897707157649E-06,2.03625568134498E-07,6.42366302275142E-07,0,0,0,0,0,0,package://robotics_arm_v7/meshes/rg2_l.STL,0.686274509803922,0.56078431372549,0.623529411764706,1,0,0,0,0,0,0,package://robotics_arm_v7/meshes/rg2_l.STL,,RightGripper2-1,Coordinate System29,Axis26,rg2_j,prismatic,0,0,0,0,0,0,rgh_l,0,0.999999999999545,0,10,3.142,-0.03,0.03,,,,,,,,
realsenseh1_l,-0.0449609466564241,7.25376489096874E-07,0.0151133255220893,0,0,0,0.203890122946862,0.000423961764732934,-2.08762193162602E-09,5.59401786984115E-05,0.000536333821763381,6.49193367613833E-09,0.000162710671203973,0,0,0,0,0,0,package://robotics_arm_v7/meshes/realsenseh1_l.STL,0.623529411764706,0.686274509803922,0.56078431372549,1,0,0,0,0,0,0,package://robotics_arm_v7/meshes/realsenseh1_l.STL,,RealsenseHolder-1,Coordinate System30,Axis_realsenseh1_j2,realsenseh1_j,fixed,0.06775,0.0398,0.405,1.5708,0,0,adjustable_l,0,0,0,10,3.142,,,,,,,,,,
realsenseh2_l,-0.00687615579553851,-0.00679299831589908,0.0418224984964636,0,0,0,0.0222524994955975,2.31866778392044E-05,5.81154101506231E-07,-4.67076723694309E-07,2.2762290756592E-05,6.33273497970673E-07,3.31304504553613E-06,0,0,0,0,0,0,package://robotics_arm_v7/meshes/realsenseh2_l.STL,0.56078431372549,0.686274509803922,0.56078431372549,1,0,0,0,0,0,0,package://robotics_arm_v7/meshes/realsenseh2_l.STL,,RealsenseHolder2-1,Coordinate System30,Axis27,realsenseh2_j,revolute,0,0,0,0,0,0,realsenseh1_l,0,0,-1,10,3.142,-3.142,3.142,,,,,,,,
realsense_l,0.00151345571552491,0.00138592325712506,0.0124771874730981,0,0,0,0.0365402881646665,2.34592367443954E-05,2.14455435114828E-07,1.02769530900619E-08,3.50869016386824E-06,2.56292679997949E-09,2.36680342685349E-05,0,0,0,0,0,0,package://robotics_arm_v7/meshes/realsense_l.STL,0.56078431372549,0.686274509803922,0.686274509803922,1,0,0,0,0,0,0,package://robotics_arm_v7/meshes/realsense_l.STL,,Realsense-1,Coordinate System31,,realsense_j,fixed,-0.0069921,-0.01016,0.0489,-1.5708,0,-0.36956,realsenseh2_l,0,0,0,10,0,,,,,,,,,,
lidar_l,-0.000142822926260363,-2.58164785617445E-06,0.0249081203803518,0,0,0,0.766457671949004,0.000910859809130455,5.54436273811402E-07,-3.18044995671849E-06,0.000881336804921903,-3.63739866376581E-08,0.00117656961590839,0,0,0,0,0,0,package://robotics_arm_v7/meshes/lidar_l.STL,0.623529411764706,0.56078431372549,0.686274509803922,1,0,0,0,0,0,0,package://robotics_arm_v7/meshes/lidar_l.STL,,LidarMount-1;Lidar-1,Coordinate System32,Axis29,lidar_j,fixed,0,0.000199999999989833,0.579999999999998,0,0,-0.0161869315321645,adjustable_l,0,0,0,10,3.142,,,,,,,,,,
lwheel_l,1.01853930845053E-09,-6.76459778747862E-08,0.0254710528356765,0,0,0,1.69879942146795,0.00498252293768665,6.02536211482866E-18,-3.81459627618635E-18,0.00498252293768663,3.66343204291378E-18,0.00898682058516614,0,0,0,0,0,0,package://robotics_arm_v7/meshes/lwheel_l.STL,0.56078431372549,0.686274509803922,0.623529411764706,1,0,0,0,0,0,0,package://robotics_arm_v7/meshes/lwheel_l.STL,,LeftWheel-1,Coordinate System5,Axis1,lwheel_j,continuous,0.14278,0.188,-0.066343,-1.5708,0,0,base_link,0,0,-1,10,3.142,,,,,,,,,,
rwheel_l,-1.01854397138723E-09,6.76459773613081E-08,0.0254710528356775,0,0,0,1.69879942146791,0.00498252293768652,-8.80587081161566E-21,1.09858672895423E-17,0.00498252293768652,1.41177864455746E-17,0.00898682058516594,0,0,0,0,0,0,package://robotics_arm_v7/meshes/rwheel_l.STL,0.56078431372549,0.686274509803922,0.623529411764706,1,0,0,0,0,0,0,package://robotics_arm_v7/meshes/rwheel_l.STL,,RightWheel-1,Coordinate System6,Axis2,rwheel_j,continuous,0.1426,-0.188,-0.066343,1.5708,0,0,base_link,0,0,-1,10,3.142,,,,,,,,,,
lcwh_l,0.00569397732540156,0.000449630329096701,0.0126207396796225,0,0,0,0.0309848441775965,1.48262622620214E-05,-2.66750451315109E-07,-4.32360581283878E-06,1.56276983252329E-05,-4.76969739653243E-07,1.46264348174785E-05,0,0,0,0,0,0,package://robotics_arm_v7/meshes/lcwh_l.STL,0.56078431372549,0.56078431372549,0.686274509803922,1,0,0,0,0,0,0,package://robotics_arm_v7/meshes/lcwh_l.STL,,LeftBWheelHolder-1,Coordinate System8,Axis4,lcwh_j,continuous,-0.32,0.14,-0.075,-3.1416,0,0,base_link,0,0,1,10,3.142,,,,,,,,,,
lcw_l,-3.27515792264421E-15,6.35602681597902E-15,3.00728394427574E-05,0,0,0,0.118994666157682,4.78034451283679E-05,4.35734114964764E-21,2.23934335430356E-19,4.78034451283679E-05,1.30713658641436E-20,8.10565840638532E-05,0,0,0,0,0,0,package://robotics_arm_v7/meshes/lcw_l.STL,0.686274509803922,0.623529411764706,0.56078431372549,1,0,0,0,0,0,0,package://robotics_arm_v7/meshes/lcw_l.STL,,LeftBWheel-1,Coordinate System9,Axis5,lcw_j,continuous,0.0342518731258256,0.00105642477686074,0.0532330819301857,1.5707963267949,0,-3.1107595958271,lcwh_l,0,0,1,10,3.142,,,,,,,,,,
rcwh_l,-0.00424459293096369,0.00382142011879638,0.0126212000821554,0,0,0,0.0309867241954345,1.49823428406436E-05,4.14008179861313E-07,3.32162893829875E-06,1.5472974479325E-05,-2.80856258996986E-06,1.46266319452786E-05,0,0,0,0,0,0,package://robotics_arm_v7/meshes/rcwh_l.STL,0.56078431372549,0.56078431372549,0.686274509803922,1,0,0,0,0,0,0,package://robotics_arm_v7/meshes/rcwh_l.STL,,RightBWheelHolder-1,Coordinate System7,Axis3,rcwh_j,continuous,-0.319999999999998,-0.14,-0.0750000000000027,-3.14159265358977,0,0,base_link,0,0,1,10,3.142,,,,,,,,,,
rcw_l,-9.99200722162641E-16,-1.38777878078145E-15,-1.75728394292418E-05,0,0,0,0.118994666157685,4.78034451283695E-05,4.06588503099517E-22,6.7762635780344E-21,4.78034451283694E-05,-1.03076746621881E-18,8.10565840638558E-05,0,0,0,0,0,0,package://robotics_arm_v7/meshes/rcw_l.STL,0.686274509803922,0.623529411764706,0.56078431372549,1,0,0,0,0,0,0,package://robotics_arm_v7/meshes/rcw_l.STL,,RightBWheel-1,Coordinate System10,Axis6,rcw_j,continuous,-0.0243390029462296,0.0241230135248261,0.0532347499168875,-1.57079632679494,0,-0.780941312299621,rcwh_l,0,0,-1,10,3.142,,,,,,,,,,
